FileName	PrecursorMz	ProductMz	Tr_recalibrated	IonMobility	transition_name	LibraryIntensity	transition_group_id	decoy	PeptideSequence	Proteotypic	QValue	PGQValue	Ms1ProfileCorr	ProteinGroup	ProteinName	Genes	FullUniModPeptideName	ModifiedPeptide	PrecursorCharge	PeptideGroupLabel	UniprotID	NTerm	CTerm	FragmentType	FragmentCharge	FragmentSeriesNumber	FragmentLossType	ExcludeFromAssay
/home/andrew/hc-storage/diabetes_study/speclib/phl004_canonical_sall_pv.csv	778.41296	427.22995	117.9	0	AAAAAAAAAAAAAAAASAGGK2_98_1_0_6	1	AAAAAAAAAAAAAAAASAGGK2	0	AAAAAAAAAAAAAAAASAGGK	1	0	0	0	P0CG40	SP9_HUMAN	SP9	AAAAAAAAAAAAAAAASAGGK	AAAAAAAAAAAAAAAASAGGK	2	AAAAAAAAAAAAAAAASAGGK	P0CG40	0	0	b	1	6	noloss	False
/home/andrew/hc-storage/diabetes_study/speclib/phl004_canonical_sall_pv.csv	778.41296	498.26706	117.9	0	AAAAAAAAAAAAAAAASAGGK2_98_1_0_7	0.88039231	AAAAAAAAAAAAAAAASAGGK2	0	AAAAAAAAAAAAAAAASAGGK	1	0	0	0	P0CG40	SP9_HUMAN	SP9	AAAAAAAAAAAAAAAASAGGK	AAAAAAAAAAAAAAAASAGGK	2	AAAAAAAAAAAAAAAASAGGK	P0CG40	0	0	b	1	7	noloss	False
/home/andrew/hc-storage/diabetes_study/speclib/phl004_canonical_sall_pv.csv	778.41296	569.3042	117.9	0	AAAAAAAAAAAAAAAASAGGK2_98_1_0_8	0.66275221	AAAAAAAAAAAAAAAASAGGK2	0	AAAAAAAAAAAAAAAASAGGK	1	0	0	0	P0CG40	SP9_HUMAN	SP9	AAAAAAAAAAAAAAAASAGGK	AAAAAAAAAAAAAAAASAGGK	2	AAAAAAAAAAAAAAAASAGGK	P0CG40	0	0	b	1	8	noloss	False
/home/andrew/hc-storage/diabetes_study/speclib/phl004_canonical_sall_pv.csv	778.41296	356.19284	117.9	0	AAAAAAAAAAAAAAAASAGGK2_98_1_0_5	0.58039355	AAAAAAAAAAAAAAAASAGGK2	0	AAAAAAAAAAAAAAAASAGGK	1	0	0	0	P0CG40	SP9_HUMAN	SP9	AAAAAAAAAAAAAAAASAGGK	AAAAAAAAAAAAAAAASAGGK	2	AAAAAAAAAAAAAAAASAGGK	P0CG40	0	0	b	1	5	noloss	False
/home/andrew/hc-storage/diabetes_study/speclib/phl004_canonical_sall_pv.csv	778.41296	640.34131	117.9	0	AAAAAAAAAAAAAAAASAGGK2_98_1_0_9	0.44118175	AAAAAAAAAAAAAAAASAGGK2	0	AAAAAAAAAAAAAAAASAGGK	1	0	0	0	P0CG40	SP9_HUMAN	SP9	AAAAAAAAAAAAAAAASAGGK	AAAAAAAAAAAAAAAASAGGK	2	AAAAAAAAAAAAAAAASAGGK	P0CG40	0	0	b	1	9	noloss	False
/home/andrew/hc-storage/diabetes_study/speclib/phl004_canonical_sall_pv.csv	778.41296	703.37335	117.9	0	AAAAAAAAAAAAAAAASAGGK2_121_1_0_12	0.40000239	AAAAAAAAAAAAAAAASAGGK2	0	AAAAAAAAAAAAAAAASAGGK	1	0	0	0	P0CG40	SP9_HUMAN	SP9	AAAAAAAAAAAAAAAASAGGK	AAAAAAAAAAAAAAAASAGGK	2	AAAAAAAAAAAAAAAASAGGK	P0CG40	0	0	y	1	9	noloss	False
/home/andrew/hc-storage/diabetes_study/speclib/phl004_canonical_sall_pv.csv	778.41296	916.48468	117.9	0	AAAAAAAAAAAAAAAASAGGK2_121_1_0_9	0.40000239	AAAAAAAAAAAAAAAASAGGK2	0	AAAAAAAAAAAAAAAASAGGK	1	0	0	0	P0CG40	SP9_HUMAN	SP9	AAAAAAAAAAAAAAAASAGGK	AAAAAAAAAAAAAAAASAGGK	2	AAAAAAAAAAAAAAAASAGGK	P0CG40	0	0	y	1	12	noloss	False
/home/andrew/hc-storage/diabetes_study/speclib/phl004_canonical_sall_pv.csv	778.41296	1129.5961	117.9	0	AAAAAAAAAAAAAAAASAGGK2_121_1_0_6	0.36078224	AAAAAAAAAAAAAAAASAGGK2	0	AAAAAAAAAAAAAAAASAGGK	1	0	0	0	P0CG40	SP9_HUMAN	SP9	AAAAAAAAAAAAAAAASAGGK	AAAAAAAAAAAAAAAASAGGK	2	AAAAAAAAAAAAAAAASAGGK	P0CG40	0	0	y	1	15	noloss	False
/home/andrew/hc-storage/diabetes_study/speclib/phl004_canonical_sall_pv.csv	778.41296	774.41046	117.9	0	AAAAAAAAAAAAAAAASAGGK2_121_1_0_11	0.34117815	AAAAAAAAAAAAAAAASAGGK2	0	AAAAAAAAAAAAAAAASAGGK	1	0	0	0	P0CG40	SP9_HUMAN	SP9	AAAAAAAAAAAAAAAASAGGK	AAAAAAAAAAAAAAAASAGGK	2	AAAAAAAAAAAAAAAASAGGK	P0CG40	0	0	y	1	10	noloss	False
/home/andrew/hc-storage/diabetes_study/speclib/phl004_canonical_sall_pv.csv	778.41296	845.44757	117.9	0	AAAAAAAAAAAAAAAASAGGK2_121_1_0_10	0.30195799	AAAAAAAAAAAAAAAASAGGK2	0	AAAAAAAAAAAAAAAASAGGK	1	0	0	0	P0CG40	SP9_HUMAN	SP9	AAAAAAAAAAAAAAAASAGGK	AAAAAAAAAAAAAAAASAGGK	2	AAAAAAAAAAAAAAAASAGGK	P0CG40	0	0	y	1	11	noloss	False
/home/andrew/hc-storage/diabetes_study/speclib/phl004_canonical_sall_pv.csv	778.41296	490.26199	117.9	0	AAAAAAAAAAAAAAAASAGGK2_121_1_0_15	0.301357	AAAAAAAAAAAAAAAASAGGK2	0	AAAAAAAAAAAAAAAASAGGK	1	0	0	0	P0CG40	SP9_HUMAN	SP9	AAAAAAAAAAAAAAAASAGGK	AAAAAAAAAAAAAAAASAGGK	2	AAAAAAAAAAAAAAAASAGGK	P0CG40	0	0	y	1	6	noloss	False
/home/andrew/hc-storage/diabetes_study/speclib/phl004_canonical_sall_pv.csv	778.41296	419.22488	117.9	0	AAAAAAAAAAAAAAAASAGGK2_121_1_0_16	0.29999879	AAAAAAAAAAAAAAAASAGGK2	0	AAAAAAAAAAAAAAAASAGGK	1	0	0	0	P0CG40	SP9_HUMAN	SP9	AAAAAAAAAAAAAAAASAGGK	AAAAAAAAAAAAAAAASAGGK	2	AAAAAAAAAAAAAAAASAGGK	P0CG40	0	0	y	1	5	noloss	False
/home/andrew/hc-storage/diabetes_study/speclib/phl004_canonical_sall_pv.csv	778.41296	1058.5588	117.9	0	AAAAAAAAAAAAAAAASAGGK2_121_1_0_7	0.25881943	AAAAAAAAAAAAAAAASAGGK2	0	AAAAAAAAAAAAAAAASAGGK	1	0	0	0	P0CG40	SP9_HUMAN	SP9	AAAAAAAAAAAAAAAASAGGK	AAAAAAAAAAAAAAAASAGGK	2	AAAAAAAAAAAAAAAASAGGK	P0CG40	0	0	y	1	14	noloss	False
/home/andrew/hc-storage/diabetes_study/speclib/phl004_canonical_sall_pv.csv	778.41296	632.33624	117.9	0	AAAAAAAAAAAAAAAASAGGK2_121_1_0_13	0.2572208	AAAAAAAAAAAAAAAASAGGK2	0	AAAAAAAAAAAAAAAASAGGK	1	0	0	0	P0CG40	SP9_HUMAN	SP9	AAAAAAAAAAAAAAAASAGGK	AAAAAAAAAAAAAAAASAGGK	2	AAAAAAAAAAAAAAAASAGGK	P0CG40	0	0	y	1	8	noloss	False
/home/andrew/hc-storage/diabetes_study/speclib/phl004_canonical_sall_pv.csv	778.41296	853.45264	117.9	0	AAAAAAAAAAAAAAAASAGGK2_98_1_0_12	0.18174933	AAAAAAAAAAAAAAAASAGGK2	0	AAAAAAAAAAAAAAAASAGGK	1	0	0	0	P0CG40	SP9_HUMAN	SP9	AAAAAAAAAAAAAAAASAGGK	AAAAAAAAAAAAAAAASAGGK	2	AAAAAAAAAAAAAAAASAGGK	P0CG40	0	0	b	1	12	noloss	False
/home/andrew/hc-storage/diabetes_study/speclib/phl004_canonical_sall_pv.csv	778.41296	987.52179	117.9	0	AAAAAAAAAAAAAAAASAGGK2_121_1_0_8	0.17647269	AAAAAAAAAAAAAAAASAGGK2	0	AAAAAAAAAAAAAAAASAGGK	1	0	0	0	P0CG40	SP9_HUMAN	SP9	AAAAAAAAAAAAAAAASAGGK	AAAAAAAAAAAAAAAASAGGK	2	AAAAAAAAAAAAAAAASAGGK	P0CG40	0	0	y	1	13	noloss	False
/home/andrew/hc-storage/diabetes_study/speclib/phl004_canonical_sall_pv.csv	778.41296	782.41553	117.9	0	AAAAAAAAAAAAAAAASAGGK2_98_1_0_11	0.13921174	AAAAAAAAAAAAAAAASAGGK2	0	AAAAAAAAAAAAAAAASAGGK	1	0	0	0	P0CG40	SP9_HUMAN	SP9	AAAAAAAAAAAAAAAASAGGK	AAAAAAAAAAAAAAAASAGGK	2	AAAAAAAAAAAAAAAASAGGK	P0CG40	0	0	b	1	11	noloss	False
/home/andrew/hc-storage/diabetes_study/speclib/phl004_canonical_sall_pv.csv	778.41296	924.48975	117.9	0	AAAAAAAAAAAAAAAASAGGK2_98_1_0_13	0.13725254	AAAAAAAAAAAAAAAASAGGK2	0	AAAAAAAAAAAAAAAASAGGK	1	0	0	0	P0CG40	SP9_HUMAN	SP9	AAAAAAAAAAAAAAAASAGGK	AAAAAAAAAAAAAAAASAGGK	2	AAAAAAAAAAAAAAAASAGGK	P0CG40	0	0	b	1	13	noloss	False
/home/andrew/hc-storage/diabetes_study/speclib/phl004_canonical_sall_pv.csv	778.41296	711.37842	117.9	0	AAAAAAAAAAAAAAAASAGGK2_98_1_0_10	0.11764847	AAAAAAAAAAAAAAAASAGGK2	0	AAAAAAAAAAAAAAAASAGGK	1	0	0	0	P0CG40	SP9_HUMAN	SP9	AAAAAAAAAAAAAAAASAGGK	AAAAAAAAAAAAAAAASAGGK	2	AAAAAAAAAAAAAAAASAGGK	P0CG40	0	0	b	1	10	noloss	False
/home/andrew/hc-storage/diabetes_study/speclib/phl004_canonical_sall_pv.csv	778.41296	1200.6332	117.9	0	AAAAAAAAAAAAAAAASAGGK2_121_1_0_5	0.10526822	AAAAAAAAAAAAAAAASAGGK2	0	AAAAAAAAAAAAAAAASAGGK	1	0	0	0	P0CG40	SP9_HUMAN	SP9	AAAAAAAAAAAAAAAASAGGK	AAAAAAAAAAAAAAAASAGGK	2	AAAAAAAAAAAAAAAASAGGK	P0CG40	0	0	y	1	16	noloss	False
/home/andrew/hc-storage/diabetes_study/speclib/phl004_canonical_sall_pv.csv	519.27777	703.37335	117.4	0	AAAAAAAAAAAAAAAASAGGK3_121_1_0_12	1	AAAAAAAAAAAAAAAASAGGK3	0	AAAAAAAAAAAAAAAASAGGK	1	0	0	0	P0CG40	SP9_HUMAN	SP9	AAAAAAAAAAAAAAAASAGGK	AAAAAAAAAAAAAAAASAGGK	3	AAAAAAAAAAAAAAAASAGGK	P0CG40	0	0	y	1	9	noloss	False
/home/andrew/hc-storage/diabetes_study/speclib/phl004_canonical_sall_pv.csv	519.27777	419.22488	117.4	0	AAAAAAAAAAAAAAAASAGGK3_121_1_0_16	0.75598669	AAAAAAAAAAAAAAAASAGGK3	0	AAAAAAAAAAAAAAAASAGGK	1	0	0	0	P0CG40	SP9_HUMAN	SP9	AAAAAAAAAAAAAAAASAGGK	AAAAAAAAAAAAAAAASAGGK	3	AAAAAAAAAAAAAAAASAGGK	P0CG40	0	0	y	1	5	noloss	False
/home/andrew/hc-storage/diabetes_study/speclib/phl004_canonical_sall_pv.csv	519.27777	498.26706	117.4	0	AAAAAAAAAAAAAAAASAGGK3_98_1_0_7	0.67160469	AAAAAAAAAAAAAAAASAGGK3	0	AAAAAAAAAAAAAAAASAGGK	1	0	0	0	P0CG40	SP9_HUMAN	SP9	AAAAAAAAAAAAAAAASAGGK	AAAAAAAAAAAAAAAASAGGK	3	AAAAAAAAAAAAAAAASAGGK	P0CG40	0	0	b	1	7	noloss	False
/home/andrew/hc-storage/diabetes_study/speclib/phl004_canonical_sall_pv.csv	519.27777	640.34131	117.4	0	AAAAAAAAAAAAAAAASAGGK3_98_1_0_9	0.61734796	AAAAAAAAAAAAAAAASAGGK3	0	AAAAAAAAAAAAAAAASAGGK	1	0	0	0	P0CG40	SP9_HUMAN	SP9	AAAAAAAAAAAAAAAASAGGK	AAAAAAAAAAAAAAAASAGGK	3	AAAAAAAAAAAAAAAASAGGK	P0CG40	0	0	b	1	9	noloss	False
/home/andrew/hc-storage/diabetes_study/speclib/phl004_canonical_sall_pv.csv	519.27777	569.3042	117.4	0	AAAAAAAAAAAAAAAASAGGK3_98_1_0_8	0.56162828	AAAAAAAAAAAAAAAASAGGK3	0	AAAAAAAAAAAAAAAASAGGK	1	0	0	0	P0CG40	SP9_HUMAN	SP9	AAAAAAAAAAAAAAAASAGGK	AAAAAAAAAAAAAAAASAGGK	3	AAAAAAAAAAAAAAAASAGGK	P0CG40	0	0	b	1	8	noloss	False
/home/andrew/hc-storage/diabetes_study/speclib/phl004_canonical_sall_pv.csv	519.27777	356.19284	117.4	0	AAAAAAAAAAAAAAAASAGGK3_98_1_0_5	0.51522595	AAAAAAAAAAAAAAAASAGGK3	0	AAAAAAAAAAAAAAAASAGGK	1	0	0	0	P0CG40	SP9_HUMAN	SP9	AAAAAAAAAAAAAAAASAGGK	AAAAAAAAAAAAAAAASAGGK	3	AAAAAAAAAAAAAAAASAGGK	P0CG40	0	0	b	1	5	noloss	False
/home/andrew/hc-storage/diabetes_study/speclib/phl004_canonical_sall_pv.csv	519.27777	427.22995	117.4	0	AAAAAAAAAAAAAAAASAGGK3_98_1_0_6	0.51522595	AAAAAAAAAAAAAAAASAGGK3	0	AAAAAAAAAAAAAAAASAGGK	1	0	0	0	P0CG40	SP9_HUMAN	SP9	AAAAAAAAAAAAAAAASAGGK	AAAAAAAAAAAAAAAASAGGK	3	AAAAAAAAAAAAAAAASAGGK	P0CG40	0	0	b	1	6	noloss	False
/home/andrew/hc-storage/diabetes_study/speclib/phl004_canonical_sall_pv.csv	519.27777	774.41046	117.4	0	AAAAAAAAAAAAAAAASAGGK3_121_1_0_11	0.48234525	AAAAAAAAAAAAAAAASAGGK3	0	AAAAAAAAAAAAAAAASAGGK	1	0	0	0	P0CG40	SP9_HUMAN	SP9	AAAAAAAAAAAAAAAASAGGK	AAAAAAAAAAAAAAAASAGGK	3	AAAAAAAAAAAAAAAASAGGK	P0CG40	0	0	y	1	10	noloss	False
/home/andrew/hc-storage/diabetes_study/speclib/phl004_canonical_sall_pv.csv	519.27777	561.29907	117.4	0	AAAAAAAAAAAAAAAASAGGK3_121_1_0_14	0.41774848	AAAAAAAAAAAAAAAASAGGK3	0	AAAAAAAAAAAAAAAASAGGK	1	0	0	0	P0CG40	SP9_HUMAN	SP9	AAAAAAAAAAAAAAAASAGGK	AAAAAAAAAAAAAAAASAGGK	3	AAAAAAAAAAAAAAAASAGGK	P0CG40	0	0	y	1	7	noloss	False
/home/andrew/hc-storage/diabetes_study/speclib/phl004_canonical_sall_pv.csv	519.27777	490.26199	117.4	0	AAAAAAAAAAAAAAAASAGGK3_121_1_0_15	0.37849048	AAAAAAAAAAAAAAAASAGGK3	0	AAAAAAAAAAAAAAAASAGGK	1	0	0	0	P0CG40	SP9_HUMAN	SP9	AAAAAAAAAAAAAAAASAGGK	AAAAAAAAAAAAAAAASAGGK	3	AAAAAAAAAAAAAAAASAGGK	P0CG40	0	0	y	1	6	noloss	False
/home/andrew/hc-storage/diabetes_study/speclib/phl004_canonical_sall_pv.csv	519.27777	648.33875	117.4	0	AAAAAAAAAAAAAAAASAGGK3_98_2_0_18	0.37133196	AAAAAAAAAAAAAAAASAGGK3	0	AAAAAAAAAAAAAAAASAGGK	1	0	0	0	P0CG40	SP9_HUMAN	SP9	AAAAAAAAAAAAAAAASAGGK	AAAAAAAAAAAAAAAASAGGK	3	AAAAAAAAAAAAAAAASAGGK	P0CG40	0	0	b	2	18	noloss	False
/home/andrew/hc-storage/diabetes_study/speclib/phl004_canonical_sall_pv.csv	519.27777	632.33624	117.4	0	AAAAAAAAAAAAAAAASAGGK3_121_1_0_13	0.32955998	AAAAAAAAAAAAAAAASAGGK3	0	AAAAAAAAAAAAAAAASAGGK	1	0	0	0	P0CG40	SP9_HUMAN	SP9	AAAAAAAAAAAAAAAASAGGK	AAAAAAAAAAAAAAAASAGGK	3	AAAAAAAAAAAAAAAASAGGK	P0CG40	0	0	y	1	8	noloss	False
/home/andrew/hc-storage/diabetes_study/speclib/phl004_canonical_sall_pv.csv	519.27777	711.37842	117.4	0	AAAAAAAAAAAAAAAASAGGK3_98_1_0_10	0.27849901	AAAAAAAAAAAAAAAASAGGK3	0	AAAAAAAAAAAAAAAASAGGK	1	0	0	0	P0CG40	SP9_HUMAN	SP9	AAAAAAAAAAAAAAAASAGGK	AAAAAAAAAAAAAAAASAGGK	3	AAAAAAAAAAAAAAAASAGGK	P0CG40	0	0	b	1	10	noloss	False
/home/andrew/hc-storage/diabetes_study/speclib/phl004_canonical_sall_pv.csv	519.27777	782.41553	117.4	0	AAAAAAAAAAAAAAAASAGGK3_98_1_0_11	0.23208249	AAAAAAAAAAAAAAAASAGGK3	0	AAAAAAAAAAAAAAAASAGGK	1	0	0	0	P0CG40	SP9_HUMAN	SP9	AAAAAAAAAAAAAAAASAGGK	AAAAAAAAAAAAAAAASAGGK	3	AAAAAAAAAAAAAAAASAGGK	P0CG40	0	0	b	1	11	noloss	False
/home/andrew/hc-storage/diabetes_study/speclib/phl004_canonical_sall_pv.csv	798.92627	427.22995	110	0	AAAAAAAAAAAAAAAGAGAGAK2_98_1_0_6	1	AAAAAAAAAAAAAAAGAGAGAK2	0	AAAAAAAAAAAAAAAGAGAGAK	1	0	0	0	P55011	S12A2_HUMAN	SLC12A2	AAAAAAAAAAAAAAAGAGAGAK	AAAAAAAAAAAAAAAGAGAGAK	2	AAAAAAAAAAAAAAAGAGAGAK	P55011	0	0	b	1	6	noloss	False
/home/andrew/hc-storage/diabetes_study/speclib/phl004_canonical_sall_pv.csv	798.92627	356.19284	110	0	AAAAAAAAAAAAAAAGAGAGAK2_98_1_0_5	0.91602999	AAAAAAAAAAAAAAAGAGAGAK2	0	AAAAAAAAAAAAAAAGAGAGAK	1	0	0	0	P55011	S12A2_HUMAN	SLC12A2	AAAAAAAAAAAAAAAGAGAGAK	AAAAAAAAAAAAAAAGAGAGAK	2	AAAAAAAAAAAAAAAGAGAGAK	P55011	0	0	b	1	5	noloss	False
/home/andrew/hc-storage/diabetes_study/speclib/phl004_canonical_sall_pv.csv	798.92627	498.26706	110	0	AAAAAAAAAAAAAAAGAGAGAK2_98_1_0_7	0.83227003	AAAAAAAAAAAAAAAGAGAGAK2	0	AAAAAAAAAAAAAAAGAGAGAK	1	0	0	0	P55011	S12A2_HUMAN	SLC12A2	AAAAAAAAAAAAAAAGAGAGAK	AAAAAAAAAAAAAAAGAGAGAK	2	AAAAAAAAAAAAAAAGAGAGAK	P55011	0	0	b	1	7	noloss	False
/home/andrew/hc-storage/diabetes_study/speclib/phl004_canonical_sall_pv.csv	798.92627	569.3042	110	0	AAAAAAAAAAAAAAAGAGAGAK2_98_1_0_8	0.79017997	AAAAAAAAAAAAAAAGAGAGAK2	0	AAAAAAAAAAAAAAAGAGAGAK	1	0	0	0	P55011	S12A2_HUMAN	SLC12A2	AAAAAAAAAAAAAAAGAGAGAK	AAAAAAAAAAAAAAAGAGAGAK	2	AAAAAAAAAAAAAAAGAGAGAK	P55011	0	0	b	1	8	noloss	False
/home/andrew/hc-storage/diabetes_study/speclib/phl004_canonical_sall_pv.csv	798.92627	640.34131	110	0	AAAAAAAAAAAAAAAGAGAGAK2_98_1_0_9	0.59228998	AAAAAAAAAAAAAAAGAGAGAK2	0	AAAAAAAAAAAAAAAGAGAGAK	1	0	0	0	P55011	S12A2_HUMAN	SLC12A2	AAAAAAAAAAAAAAAGAGAGAK	AAAAAAAAAAAAAAAGAGAGAK	2	AAAAAAAAAAAAAAAGAGAGAK	P55011	0	0	b	1	9	noloss	False
/home/andrew/hc-storage/diabetes_study/speclib/phl004_canonical_sall_pv.csv	798.92627	815.43701	110	0	AAAAAAAAAAAAAAAGAGAGAK2_121_1_0_11	0.54980999	AAAAAAAAAAAAAAAGAGAGAK2	0	AAAAAAAAAAAAAAAGAGAGAK	1	0	0	0	P55011	S12A2_HUMAN	SLC12A2	AAAAAAAAAAAAAAAGAGAGAK	AAAAAAAAAAAAAAAGAGAGAK	2	AAAAAAAAAAAAAAAGAGAGAK	P55011	0	0	y	1	11	noloss	False
/home/andrew/hc-storage/diabetes_study/speclib/phl004_canonical_sall_pv.csv	798.92627	886.47412	110	0	AAAAAAAAAAAAAAAGAGAGAK2_121_1_0_10	0.51920998	AAAAAAAAAAAAAAAGAGAGAK2	0	AAAAAAAAAAAAAAAGAGAGAK	1	0	0	0	P55011	S12A2_HUMAN	SLC12A2	AAAAAAAAAAAAAAAGAGAGAK	AAAAAAAAAAAAAAAGAGAGAK	2	AAAAAAAAAAAAAAAGAGAGAK	P55011	0	0	y	1	12	noloss	False
/home/andrew/hc-storage/diabetes_study/speclib/phl004_canonical_sall_pv.csv	798.92627	531.28851	110	0	AAAAAAAAAAAAAAAGAGAGAK2_121_1_0_15	0.50638998	AAAAAAAAAAAAAAAGAGAGAK2	0	AAAAAAAAAAAAAAAGAGAGAK	1	0	0	0	P55011	S12A2_HUMAN	SLC12A2	AAAAAAAAAAAAAAAGAGAGAK	AAAAAAAAAAAAAAAGAGAGAK	2	AAAAAAAAAAAAAAAGAGAGAK	P55011	0	0	y	1	7	noloss	False
/home/andrew/hc-storage/diabetes_study/speclib/phl004_canonical_sall_pv.csv	798.92627	957.51123	110	0	AAAAAAAAAAAAAAAGAGAGAK2_121_1_0_9	0.49983999	AAAAAAAAAAAAAAAGAGAGAK2	0	AAAAAAAAAAAAAAAGAGAGAK	1	0	0	0	P55011	S12A2_HUMAN	SLC12A2	AAAAAAAAAAAAAAAGAGAGAK	AAAAAAAAAAAAAAAGAGAGAK	2	AAAAAAAAAAAAAAAGAGAGAK	P55011	0	0	y	1	13	noloss	False
/home/andrew/hc-storage/diabetes_study/speclib/phl004_canonical_sall_pv.csv	798.92627	673.36279	110	0	AAAAAAAAAAAAAAAGAGAGAK2_121_1_0_13	0.46117997	AAAAAAAAAAAAAAAGAGAGAK2	0	AAAAAAAAAAAAAAAGAGAGAK	1	0	0	0	P55011	S12A2_HUMAN	SLC12A2	AAAAAAAAAAAAAAAGAGAGAK	AAAAAAAAAAAAAAAGAGAGAK	2	AAAAAAAAAAAAAAAGAGAGAK	P55011	0	0	y	1	9	noloss	False
/home/andrew/hc-storage/diabetes_study/speclib/phl004_canonical_sall_pv.csv	798.92627	1028.5483	110	0	AAAAAAAAAAAAAAAGAGAGAK2_121_1_0_8	0.44073999	AAAAAAAAAAAAAAAGAGAGAK2	0	AAAAAAAAAAAAAAAGAGAGAK	1	0	0	0	P55011	S12A2_HUMAN	SLC12A2	AAAAAAAAAAAAAAAGAGAGAK	AAAAAAAAAAAAAAAGAGAGAK	2	AAAAAAAAAAAAAAAGAGAGAK	P55011	0	0	y	1	14	noloss	False
/home/andrew/hc-storage/diabetes_study/speclib/phl004_canonical_sall_pv.csv	798.92627	711.37842	110	0	AAAAAAAAAAAAAAAGAGAGAK2_98_1_0_10	0.42937002	AAAAAAAAAAAAAAAGAGAGAK2	0	AAAAAAAAAAAAAAAGAGAGAK	1	0	0	0	P55011	S12A2_HUMAN	SLC12A2	AAAAAAAAAAAAAAAGAGAGAK	AAAAAAAAAAAAAAAGAGAGAK	2	AAAAAAAAAAAAAAAGAGAGAK	P55011	0	0	b	1	10	noloss	False
/home/andrew/hc-storage/diabetes_study/speclib/phl004_canonical_sall_pv.csv	798.92627	744.3999	110	0	AAAAAAAAAAAAAAAGAGAGAK2_121_1_0_12	0.41159999	AAAAAAAAAAAAAAAGAGAGAK2	0	AAAAAAAAAAAAAAAGAGAGAK	1	0	0	0	P55011	S12A2_HUMAN	SLC12A2	AAAAAAAAAAAAAAAGAGAGAK	AAAAAAAAAAAAAAAGAGAGAK	2	AAAAAAAAAAAAAAAGAGAGAK	P55011	0	0	y	1	10	noloss	False
/home/andrew/hc-storage/diabetes_study/speclib/phl004_canonical_sall_pv.csv	798.92627	602.32562	110	0	AAAAAAAAAAAAAAAGAGAGAK2_121_1_0_14	0.40491998	AAAAAAAAAAAAAAAGAGAGAK2	0	AAAAAAAAAAAAAAAGAGAGAK	1	0	0	0	P55011	S12A2_HUMAN	SLC12A2	AAAAAAAAAAAAAAAGAGAGAK	AAAAAAAAAAAAAAAGAGAGAK	2	AAAAAAAAAAAAAAAGAGAGAK	P55011	0	0	y	1	8	noloss	False
/home/andrew/hc-storage/diabetes_study/speclib/phl004_canonical_sall_pv.csv	798.92627	782.41553	110	0	AAAAAAAAAAAAAAAGAGAGAK2_98_1_0_11	0.38191	AAAAAAAAAAAAAAAGAGAGAK2	0	AAAAAAAAAAAAAAAGAGAGAK	1	0	0	0	P55011	S12A2_HUMAN	SLC12A2	AAAAAAAAAAAAAAAGAGAGAK	AAAAAAAAAAAAAAAGAGAGAK	2	AAAAAAAAAAAAAAAGAGAGAK	P55011	0	0	b	1	11	noloss	False
/home/andrew/hc-storage/diabetes_study/speclib/phl004_canonical_sall_pv.csv	798.92627	403.22995	110	0	AAAAAAAAAAAAAAAGAGAGAK2_121_1_0_17	0.36974999	AAAAAAAAAAAAAAAGAGAGAK2	0	AAAAAAAAAAAAAAAGAGAGAK	1	0	0	0	P55011	S12A2_HUMAN	SLC12A2	AAAAAAAAAAAAAAAGAGAGAK	AAAAAAAAAAAAAAAGAGAGAK	2	AAAAAAAAAAAAAAAGAGAGAK	P55011	0	0	y	1	5	noloss	False
/home/andrew/hc-storage/diabetes_study/speclib/phl004_canonical_sall_pv.csv	798.92627	1099.5854	110	0	AAAAAAAAAAAAAAAGAGAGAK2_121_1_0_7	0.34740001	AAAAAAAAAAAAAAAGAGAGAK2	0	AAAAAAAAAAAAAAAGAGAGAK	1	0	0	0	P55011	S12A2_HUMAN	SLC12A2	AAAAAAAAAAAAAAAGAGAGAK	AAAAAAAAAAAAAAAGAGAGAK	2	AAAAAAAAAAAAAAAGAGAGAK	P55011	0	0	y	1	15	noloss	False
/home/andrew/hc-storage/diabetes_study/speclib/phl004_canonical_sall_pv.csv	798.92627	1170.6226	110	0	AAAAAAAAAAAAAAAGAGAGAK2_121_1_0_6	0.31896001	AAAAAAAAAAAAAAAGAGAGAK2	0	AAAAAAAAAAAAAAAGAGAGAK	1	0	0	0	P55011	S12A2_HUMAN	SLC12A2	AAAAAAAAAAAAAAAGAGAGAK	AAAAAAAAAAAAAAAGAGAGAK	2	AAAAAAAAAAAAAAAGAGAGAK	P55011	0	0	y	1	16	noloss	False
/home/andrew/hc-storage/diabetes_study/speclib/phl004_canonical_sall_pv.csv	798.92627	853.45264	110	0	AAAAAAAAAAAAAAAGAGAGAK2_98_1_0_12	0.27395001	AAAAAAAAAAAAAAAGAGAGAK2	0	AAAAAAAAAAAAAAAGAGAGAK	1	0	0	0	P55011	S12A2_HUMAN	SLC12A2	AAAAAAAAAAAAAAAGAGAGAK	AAAAAAAAAAAAAAAGAGAGAK	2	AAAAAAAAAAAAAAAGAGAGAK	P55011	0	0	b	1	12	noloss	False
/home/andrew/hc-storage/diabetes_study/speclib/phl004_canonical_sall_pv.csv	798.92627	474.26706	110	0	AAAAAAAAAAAAAAAGAGAGAK2_121_1_0_16	0.26207	AAAAAAAAAAAAAAAGAGAGAK2	0	AAAAAAAAAAAAAAAGAGAGAK	1	0	0	0	P55011	S12A2_HUMAN	SLC12A2	AAAAAAAAAAAAAAAGAGAGAK	AAAAAAAAAAAAAAAGAGAGAK	2	AAAAAAAAAAAAAAAGAGAGAK	P55011	0	0	y	1	6	noloss	False
/home/andrew/hc-storage/diabetes_study/speclib/phl004_canonical_sall_pv.csv	798.92627	995.52686	110	0	AAAAAAAAAAAAAAAGAGAGAK2_98_1_0_14	0.20731001	AAAAAAAAAAAAAAAGAGAGAK2	0	AAAAAAAAAAAAAAAGAGAGAK	1	0	0	0	P55011	S12A2_HUMAN	SLC12A2	AAAAAAAAAAAAAAAGAGAGAK	AAAAAAAAAAAAAAAGAGAGAK	2	AAAAAAAAAAAAAAAGAGAGAK	P55011	0	0	b	1	14	noloss	False
/home/andrew/hc-storage/diabetes_study/speclib/phl004_canonical_sall_pv.csv	798.92627	1241.6597	110	0	AAAAAAAAAAAAAAAGAGAGAK2_121_1_0_5	0.2052	AAAAAAAAAAAAAAAGAGAGAK2	0	AAAAAAAAAAAAAAAGAGAGAK	1	0	0	0	P55011	S12A2_HUMAN	SLC12A2	AAAAAAAAAAAAAAAGAGAGAK	AAAAAAAAAAAAAAAGAGAGAK	2	AAAAAAAAAAAAAAAGAGAGAK	P55011	0	0	y	1	17	noloss	False
/home/andrew/hc-storage/diabetes_study/speclib/phl004_canonical_sall_pv.csv	798.92627	924.48975	110	0	AAAAAAAAAAAAAAAGAGAGAK2_98_1_0_13	0.18191999	AAAAAAAAAAAAAAAGAGAGAK2	0	AAAAAAAAAAAAAAAGAGAGAK	1	0	0	0	P55011	S12A2_HUMAN	SLC12A2	AAAAAAAAAAAAAAAGAGAGAK	AAAAAAAAAAAAAAAGAGAGAK	2	AAAAAAAAAAAAAAAGAGAGAK	P55011	0	0	b	1	13	noloss	False
/home/andrew/hc-storage/diabetes_study/speclib/phl004_canonical_sall_pv.csv	798.92627	1312.6968	110	0	AAAAAAAAAAAAAAAGAGAGAK2_121_1_0_4	0.114	AAAAAAAAAAAAAAAGAGAGAK2	0	AAAAAAAAAAAAAAAGAGAGAK	1	0	0	0	P55011	S12A2_HUMAN	SLC12A2	AAAAAAAAAAAAAAAGAGAGAK	AAAAAAAAAAAAAAAGAGAGAK	2	AAAAAAAAAAAAAAAGAGAGAK	P55011	0	0	y	1	18	noloss	False
/home/andrew/hc-storage/diabetes_study/speclib/phl004_canonical_sall_pv.csv	532.95325	531.28851	109.8	0	AAAAAAAAAAAAAAAGAGAGAK3_121_1_0_15	1	AAAAAAAAAAAAAAAGAGAGAK3	0	AAAAAAAAAAAAAAAGAGAGAK	1	0	0	0	P55011	S12A2_HUMAN	SLC12A2	AAAAAAAAAAAAAAAGAGAGAK	AAAAAAAAAAAAAAAGAGAGAK	3	AAAAAAAAAAAAAAAGAGAGAK	P55011	0	0	y	1	7	noloss	False
/home/andrew/hc-storage/diabetes_study/speclib/phl004_canonical_sall_pv.csv	532.95325	498.26706	109.8	0	AAAAAAAAAAAAAAAGAGAGAK3_98_1_0_7	0.82642001	AAAAAAAAAAAAAAAGAGAGAK3	0	AAAAAAAAAAAAAAAGAGAGAK	1	0	0	0	P55011	S12A2_HUMAN	SLC12A2	AAAAAAAAAAAAAAAGAGAGAK	AAAAAAAAAAAAAAAGAGAGAK	3	AAAAAAAAAAAAAAAGAGAGAK	P55011	0	0	b	1	7	noloss	False
/home/andrew/hc-storage/diabetes_study/speclib/phl004_canonical_sall_pv.csv	532.95325	427.22995	109.8	0	AAAAAAAAAAAAAAAGAGAGAK3_98_1_0_6	0.75252002	AAAAAAAAAAAAAAAGAGAGAK3	0	AAAAAAAAAAAAAAAGAGAGAK	1	0	0	0	P55011	S12A2_HUMAN	SLC12A2	AAAAAAAAAAAAAAAGAGAGAK	AAAAAAAAAAAAAAAGAGAGAK	3	AAAAAAAAAAAAAAAGAGAGAK	P55011	0	0	b	1	6	noloss	False
/home/andrew/hc-storage/diabetes_study/speclib/phl004_canonical_sall_pv.csv	532.95325	356.19284	109.8	0	AAAAAAAAAAAAAAAGAGAGAK3_98_1_0_5	0.71425998	AAAAAAAAAAAAAAAGAGAGAK3	0	AAAAAAAAAAAAAAAGAGAGAK	1	0	0	0	P55011	S12A2_HUMAN	SLC12A2	AAAAAAAAAAAAAAAGAGAGAK	AAAAAAAAAAAAAAAGAGAGAK	3	AAAAAAAAAAAAAAAGAGAGAK	P55011	0	0	b	1	5	noloss	False
/home/andrew/hc-storage/diabetes_study/speclib/phl004_canonical_sall_pv.csv	532.95325	602.32562	109.8	0	AAAAAAAAAAAAAAAGAGAGAK3_121_1_0_14	0.66922998	AAAAAAAAAAAAAAAGAGAGAK3	0	AAAAAAAAAAAAAAAGAGAGAK	1	0	0	0	P55011	S12A2_HUMAN	SLC12A2	AAAAAAAAAAAAAAAGAGAGAK	AAAAAAAAAAAAAAAGAGAGAK	3	AAAAAAAAAAAAAAAGAGAGAK	P55011	0	0	y	1	8	noloss	False
/home/andrew/hc-storage/diabetes_study/speclib/phl004_canonical_sall_pv.csv	532.95325	569.3042	109.8	0	AAAAAAAAAAAAAAAGAGAGAK3_98_1_0_8	0.56159002	AAAAAAAAAAAAAAAGAGAGAK3	0	AAAAAAAAAAAAAAAGAGAGAK	1	0	0	0	P55011	S12A2_HUMAN	SLC12A2	AAAAAAAAAAAAAAAGAGAGAK	AAAAAAAAAAAAAAAGAGAGAK	3	AAAAAAAAAAAAAAAGAGAGAK	P55011	0	0	b	1	8	noloss	False
/home/andrew/hc-storage/diabetes_study/speclib/phl004_canonical_sall_pv.csv	532.95325	673.36279	109.8	0	AAAAAAAAAAAAAAAGAGAGAK3_121_1_0_13	0.52272004	AAAAAAAAAAAAAAAGAGAGAK3	0	AAAAAAAAAAAAAAAGAGAGAK	1	0	0	0	P55011	S12A2_HUMAN	SLC12A2	AAAAAAAAAAAAAAAGAGAGAK	AAAAAAAAAAAAAAAGAGAGAK	3	AAAAAAAAAAAAAAAGAGAGAK	P55011	0	0	y	1	9	noloss	False
/home/andrew/hc-storage/diabetes_study/speclib/phl004_canonical_sall_pv.csv	532.95325	640.34131	109.8	0	AAAAAAAAAAAAAAAGAGAGAK3_98_1_0_9	0.47526002	AAAAAAAAAAAAAAAGAGAGAK3	0	AAAAAAAAAAAAAAAGAGAGAK	1	0	0	0	P55011	S12A2_HUMAN	SLC12A2	AAAAAAAAAAAAAAAGAGAGAK	AAAAAAAAAAAAAAAGAGAGAK	3	AAAAAAAAAAAAAAAGAGAGAK	P55011	0	0	b	1	9	noloss	False
/home/andrew/hc-storage/diabetes_study/speclib/phl004_canonical_sall_pv.csv	532.95325	711.37842	109.8	0	AAAAAAAAAAAAAAAGAGAGAK3_98_1_0_10	0.40158999	AAAAAAAAAAAAAAAGAGAGAK3	0	AAAAAAAAAAAAAAAGAGAGAK	1	0	0	0	P55011	S12A2_HUMAN	SLC12A2	AAAAAAAAAAAAAAAGAGAGAK	AAAAAAAAAAAAAAAGAGAGAK	3	AAAAAAAAAAAAAAAGAGAGAK	P55011	0	0	b	1	10	noloss	False
/home/andrew/hc-storage/diabetes_study/speclib/phl004_canonical_sall_pv.csv	532.95325	744.3999	109.8	0	AAAAAAAAAAAAAAAGAGAGAK3_121_1_0_12	0.39754999	AAAAAAAAAAAAAAAGAGAGAK3	0	AAAAAAAAAAAAAAAGAGAGAK	1	0	0	0	P55011	S12A2_HUMAN	SLC12A2	AAAAAAAAAAAAAAAGAGAGAK	AAAAAAAAAAAAAAAGAGAGAK	3	AAAAAAAAAAAAAAAGAGAGAK	P55011	0	0	y	1	10	noloss	False
/home/andrew/hc-storage/diabetes_study/speclib/phl004_canonical_sall_pv.csv	532.95325	403.22995	109.8	0	AAAAAAAAAAAAAAAGAGAGAK3_121_1_0_17	0.31963	AAAAAAAAAAAAAAAGAGAGAK3	0	AAAAAAAAAAAAAAAGAGAGAK	1	0	0	0	P55011	S12A2_HUMAN	SLC12A2	AAAAAAAAAAAAAAAGAGAGAK	AAAAAAAAAAAAAAAGAGAGAK	3	AAAAAAAAAAAAAAAGAGAGAK	P55011	0	0	y	1	5	noloss	False
/home/andrew/hc-storage/diabetes_study/speclib/phl004_canonical_sall_pv.csv	532.95325	462.7485	109.8	0	AAAAAAAAAAAAAAAGAGAGAK3_98_2_0_13	0.27653	AAAAAAAAAAAAAAAGAGAGAK3	0	AAAAAAAAAAAAAAAGAGAGAK	1	0	0	0	P55011	S12A2_HUMAN	SLC12A2	AAAAAAAAAAAAAAAGAGAGAK	AAAAAAAAAAAAAAAGAGAGAK	3	AAAAAAAAAAAAAAAGAGAGAK	P55011	0	0	b	2	13	noloss	False
/home/andrew/hc-storage/diabetes_study/speclib/phl004_canonical_sall_pv.csv	532.95325	782.41553	109.8	0	AAAAAAAAAAAAAAAGAGAGAK3_98_1_0_11	0.27631998	AAAAAAAAAAAAAAAGAGAGAK3	0	AAAAAAAAAAAAAAAGAGAGAK	1	0	0	0	P55011	S12A2_HUMAN	SLC12A2	AAAAAAAAAAAAAAAGAGAGAK	AAAAAAAAAAAAAAAGAGAGAK	3	AAAAAAAAAAAAAAAGAGAGAK	P55011	0	0	b	1	11	noloss	False
/home/andrew/hc-storage/diabetes_study/speclib/phl004_canonical_sall_pv.csv	532.95325	815.43701	109.8	0	AAAAAAAAAAAAAAAGAGAGAK3_121_1_0_11	0.24988998	AAAAAAAAAAAAAAAGAGAGAK3	0	AAAAAAAAAAAAAAAGAGAGAK	1	0	0	0	P55011	S12A2_HUMAN	SLC12A2	AAAAAAAAAAAAAAAGAGAGAK	AAAAAAAAAAAAAAAGAGAGAK	3	AAAAAAAAAAAAAAAGAGAGAK	P55011	0	0	y	1	11	noloss	False
/home/andrew/hc-storage/diabetes_study/speclib/phl004_canonical_sall_pv.csv	532.95325	474.26706	109.8	0	AAAAAAAAAAAAAAAGAGAGAK3_121_1_0_16	0.24581002	AAAAAAAAAAAAAAAGAGAGAK3	0	AAAAAAAAAAAAAAAGAGAGAK	1	0	0	0	P55011	S12A2_HUMAN	SLC12A2	AAAAAAAAAAAAAAAGAGAGAK	AAAAAAAAAAAAAAAGAGAGAK	3	AAAAAAAAAAAAAAAGAGAGAK	P55011	0	0	y	1	6	noloss	False
/home/andrew/hc-storage/diabetes_study/speclib/phl004_canonical_sall_pv.csv	532.95325	391.7114	109.8	0	AAAAAAAAAAAAAAAGAGAGAK3_98_2_0_11	0.18824001	AAAAAAAAAAAAAAAGAGAGAK3	0	AAAAAAAAAAAAAAAGAGAGAK	1	0	0	0	P55011	S12A2_HUMAN	SLC12A2	AAAAAAAAAAAAAAAGAGAGAK	AAAAAAAAAAAAAAAGAGAGAK	3	AAAAAAAAAAAAAAAGAGAGAK	P55011	0	0	b	2	11	noloss	False
/home/andrew/hc-storage/diabetes_study/speclib/phl004_canonical_sall_pv.csv	532.95325	853.45264	109.8	0	AAAAAAAAAAAAAAAGAGAGAK3_98_1_0_12	0.17081	AAAAAAAAAAAAAAAGAGAGAK3	0	AAAAAAAAAAAAAAAGAGAGAK	1	0	0	0	P55011	S12A2_HUMAN	SLC12A2	AAAAAAAAAAAAAAAGAGAGAK	AAAAAAAAAAAAAAAGAGAGAK	3	AAAAAAAAAAAAAAAGAGAGAK	P55011	0	0	b	1	12	noloss	False
/home/andrew/hc-storage/diabetes_study/speclib/phl004_canonical_sall_pv.csv	532.95325	886.47412	109.8	0	AAAAAAAAAAAAAAAGAGAGAK3_121_1_0_10	0.16329999	AAAAAAAAAAAAAAAGAGAGAK3	0	AAAAAAAAAAAAAAAGAGAGAK	1	0	0	0	P55011	S12A2_HUMAN	SLC12A2	AAAAAAAAAAAAAAAGAGAGAK	AAAAAAAAAAAAAAAGAGAGAK	3	AAAAAAAAAAAAAAAGAGAGAK	P55011	0	0	y	1	12	noloss	False
/home/andrew/hc-storage/diabetes_study/speclib/phl004_canonical_sall_pv.csv	532.95325	924.48975	109.8	0	AAAAAAAAAAAAAAAGAGAGAK3_98_1_0_13	0.10528	AAAAAAAAAAAAAAAGAGAGAK3	0	AAAAAAAAAAAAAAAGAGAGAK	1	0	0	0	P55011	S12A2_HUMAN	SLC12A2	AAAAAAAAAAAAAAAGAGAGAK	AAAAAAAAAAAAAAAGAGAGAK	3	AAAAAAAAAAAAAAAGAGAGAK	P55011	0	0	b	1	13	noloss	False
/home/andrew/hc-storage/diabetes_study/speclib/phl004_canonical_sall_pv.csv	532.95325	957.51123	109.8	0	AAAAAAAAAAAAAAAGAGAGAK3_121_1_0_9	0.091109999	AAAAAAAAAAAAAAAGAGAGAK3	0	AAAAAAAAAAAAAAAGAGAGAK	1	0	0	0	P55011	S12A2_HUMAN	SLC12A2	AAAAAAAAAAAAAAAGAGAGAK	AAAAAAAAAAAAAAAGAGAGAK	3	AAAAAAAAAAAAAAAGAGAGAK	P55011	0	0	y	1	13	noloss	False
/home/andrew/hc-storage/diabetes_study/speclib/phl004_canonical_sall_pv.csv	746.36969	646.31549	151.3	0	AAAAAAAAAAAAAAASGFAYPGTSER3_121_1_0_20	1	AAAAAAAAAAAAAAASGFAYPGTSER3	0	AAAAAAAAAAAAAAASGFAYPGTSER	1	0	0	0	P35453	HXD13_HUMAN	HOXD13	AAAAAAAAAAAAAAASGFAYPGTSER	AAAAAAAAAAAAAAASGFAYPGTSER	3	AAAAAAAAAAAAAAASGFAYPGTSER	P35453	0	0	y	1	6	noloss	False
/home/andrew/hc-storage/diabetes_study/speclib/phl004_canonical_sall_pv.csv	746.36969	880.41589	151.3	0	AAAAAAAAAAAAAAASGFAYPGTSER3_121_1_0_18	0.72346348	AAAAAAAAAAAAAAASGFAYPGTSER3	0	AAAAAAAAAAAAAAASGFAYPGTSER	1	0	0	0	P35453	HXD13_HUMAN	HOXD13	AAAAAAAAAAAAAAASGFAYPGTSER	AAAAAAAAAAAAAAASGFAYPGTSER	3	AAAAAAAAAAAAAAASGFAYPGTSER	P35453	0	0	y	1	8	noloss	False
/home/andrew/hc-storage/diabetes_study/speclib/phl004_canonical_sall_pv.csv	746.36969	498.26706	151.3	0	AAAAAAAAAAAAAAASGFAYPGTSER3_98_1_0_7	0.66272509	AAAAAAAAAAAAAAASGFAYPGTSER3	0	AAAAAAAAAAAAAAASGFAYPGTSER	1	0	0	0	P35453	HXD13_HUMAN	HOXD13	AAAAAAAAAAAAAAASGFAYPGTSER	AAAAAAAAAAAAAAASGFAYPGTSER	3	AAAAAAAAAAAAAAASGFAYPGTSER	P35453	0	0	b	1	7	noloss	False
/home/andrew/hc-storage/diabetes_study/speclib/phl004_canonical_sall_pv.csv	746.36969	569.3042	151.3	0	AAAAAAAAAAAAAAASGFAYPGTSER3_98_1_0_8	0.60243261	AAAAAAAAAAAAAAASGFAYPGTSER3	0	AAAAAAAAAAAAAAASGFAYPGTSER	1	0	0	0	P35453	HXD13_HUMAN	HOXD13	AAAAAAAAAAAAAAASGFAYPGTSER	AAAAAAAAAAAAAAASGFAYPGTSER	3	AAAAAAAAAAAAAAASGFAYPGTSER	P35453	0	0	b	1	8	noloss	False
/home/andrew/hc-storage/diabetes_study/speclib/phl004_canonical_sall_pv.csv	746.36969	356.19284	151.3	0	AAAAAAAAAAAAAAASGFAYPGTSER3_98_1_0_5	0.58793229	AAAAAAAAAAAAAAASGFAYPGTSER3	0	AAAAAAAAAAAAAAASGFAYPGTSER	1	0	0	0	P35453	HXD13_HUMAN	HOXD13	AAAAAAAAAAAAAAASGFAYPGTSER	AAAAAAAAAAAAAAASGFAYPGTSER	3	AAAAAAAAAAAAAAASGFAYPGTSER	P35453	0	0	b	1	5	noloss	False
/home/andrew/hc-storage/diabetes_study/speclib/phl004_canonical_sall_pv.csv	746.36969	809.37878	151.3	0	AAAAAAAAAAAAAAASGFAYPGTSER3_121_1_0_19	0.48742947	AAAAAAAAAAAAAAASGFAYPGTSER3	0	AAAAAAAAAAAAAAASGFAYPGTSER	1	0	0	0	P35453	HXD13_HUMAN	HOXD13	AAAAAAAAAAAAAAASGFAYPGTSER	AAAAAAAAAAAAAAASGFAYPGTSER	3	AAAAAAAAAAAAAAASGFAYPGTSER	P35453	0	0	y	1	7	noloss	False
/home/andrew/hc-storage/diabetes_study/speclib/phl004_canonical_sall_pv.csv	746.36969	711.37842	151.3	0	AAAAAAAAAAAAAAASGFAYPGTSER3_98_1_0_10	0.48370829	AAAAAAAAAAAAAAASGFAYPGTSER3	0	AAAAAAAAAAAAAAASGFAYPGTSER	1	0	0	0	P35453	HXD13_HUMAN	HOXD13	AAAAAAAAAAAAAAASGFAYPGTSER	AAAAAAAAAAAAAAASGFAYPGTSER	3	AAAAAAAAAAAAAAASGFAYPGTSER	P35453	0	0	b	1	10	noloss	False
/home/andrew/hc-storage/diabetes_study/speclib/phl004_canonical_sall_pv.csv	746.36969	427.22995	151.3	0	AAAAAAAAAAAAAAASGFAYPGTSER3_98_1_0_6	0.48304707	AAAAAAAAAAAAAAASGFAYPGTSER3	0	AAAAAAAAAAAAAAASGFAYPGTSER	1	0	0	0	P35453	HXD13_HUMAN	HOXD13	AAAAAAAAAAAAAAASGFAYPGTSER	AAAAAAAAAAAAAAASGFAYPGTSER	3	AAAAAAAAAAAAAAASGFAYPGTSER	P35453	0	0	b	1	6	noloss	False
/home/andrew/hc-storage/diabetes_study/speclib/phl004_canonical_sall_pv.csv	746.36969	1027.4844	151.3	0	AAAAAAAAAAAAAAASGFAYPGTSER3_121_1_0_17	0.38692665	AAAAAAAAAAAAAAASGFAYPGTSER3	0	AAAAAAAAAAAAAAASGFAYPGTSER	1	0	0	0	P35453	HXD13_HUMAN	HOXD13	AAAAAAAAAAAAAAASGFAYPGTSER	AAAAAAAAAAAAAAASGFAYPGTSER	3	AAAAAAAAAAAAAAASGFAYPGTSER	P35453	0	0	y	1	9	noloss	False
/home/andrew/hc-storage/diabetes_study/speclib/phl004_canonical_sall_pv.csv	746.36969	853.45264	151.3	0	AAAAAAAAAAAAAAASGFAYPGTSER3_98_1_0_12	0.32992482	AAAAAAAAAAAAAAASGFAYPGTSER3	0	AAAAAAAAAAAAAAASGFAYPGTSER	1	0	0	0	P35453	HXD13_HUMAN	HOXD13	AAAAAAAAAAAAAAASGFAYPGTSER	AAAAAAAAAAAAAAASGFAYPGTSER	3	AAAAAAAAAAAAAAASGFAYPGTSER	P35453	0	0	b	1	12	noloss	False
/home/andrew/hc-storage/diabetes_study/speclib/phl004_canonical_sall_pv.csv	746.36969	1171.5378	151.3	0	AAAAAAAAAAAAAAASGFAYPGTSER3_121_1_0_15	0.31720817	AAAAAAAAAAAAAAASGFAYPGTSER3	0	AAAAAAAAAAAAAAASGFAYPGTSER	1	0	0	0	P35453	HXD13_HUMAN	HOXD13	AAAAAAAAAAAAAAASGFAYPGTSER	AAAAAAAAAAAAAAASGFAYPGTSER	3	AAAAAAAAAAAAAAASGFAYPGTSER	P35453	0	0	y	1	11	noloss	False
/home/andrew/hc-storage/diabetes_study/speclib/phl004_canonical_sall_pv.csv	746.36969	782.41553	151.3	0	AAAAAAAAAAAAAAASGFAYPGTSER3_98_1_0_11	0.21106207	AAAAAAAAAAAAAAASGFAYPGTSER3	0	AAAAAAAAAAAAAAASGFAYPGTSER	1	0	0	0	P35453	HXD13_HUMAN	HOXD13	AAAAAAAAAAAAAAASGFAYPGTSER	AAAAAAAAAAAAAAASGFAYPGTSER	3	AAAAAAAAAAAAAAASGFAYPGTSER	P35453	0	0	b	1	11	noloss	False
/home/andrew/hc-storage/diabetes_study/speclib/phl004_canonical_sall_pv.csv	746.36969	640.34131	151.3	0	AAAAAAAAAAAAAAASGFAYPGTSER3_98_1_0_9	0.21104671	AAAAAAAAAAAAAAASGFAYPGTSER3	0	AAAAAAAAAAAAAAASGFAYPGTSER	1	0	0	0	P35453	HXD13_HUMAN	HOXD13	AAAAAAAAAAAAAAASGFAYPGTSER	AAAAAAAAAAAAAAASGFAYPGTSER	3	AAAAAAAAAAAAAAASGFAYPGTSER	P35453	0	0	b	1	9	noloss	False
/home/andrew/hc-storage/diabetes_study/speclib/phl004_canonical_sall_pv.csv	560.02911	646.31549	151.10001	0	AAAAAAAAAAAAAAASGFAYPGTSER4_121_1_0_20	1	AAAAAAAAAAAAAAASGFAYPGTSER4	0	AAAAAAAAAAAAAAASGFAYPGTSER	1	0	0	0	P35453	HXD13_HUMAN	HOXD13	AAAAAAAAAAAAAAASGFAYPGTSER	AAAAAAAAAAAAAAASGFAYPGTSER	4	AAAAAAAAAAAAAAASGFAYPGTSER	P35453	0	0	y	1	6	noloss	False
/home/andrew/hc-storage/diabetes_study/speclib/phl004_canonical_sall_pv.csv	560.02911	356.19284	151.10001	0	AAAAAAAAAAAAAAASGFAYPGTSER4_98_1_0_5	0.66913706	AAAAAAAAAAAAAAASGFAYPGTSER4	0	AAAAAAAAAAAAAAASGFAYPGTSER	1	0	0	0	P35453	HXD13_HUMAN	HOXD13	AAAAAAAAAAAAAAASGFAYPGTSER	AAAAAAAAAAAAAAASGFAYPGTSER	4	AAAAAAAAAAAAAAASGFAYPGTSER	P35453	0	0	b	1	5	noloss	False
/home/andrew/hc-storage/diabetes_study/speclib/phl004_canonical_sall_pv.csv	560.02911	492.24124	151.10001	0	AAAAAAAAAAAAAAASGFAYPGTSER4_121_1_0_22	0.59304374	AAAAAAAAAAAAAAASGFAYPGTSER4	0	AAAAAAAAAAAAAAASGFAYPGTSER	1	0	0	0	P35453	HXD13_HUMAN	HOXD13	AAAAAAAAAAAAAAASGFAYPGTSER	AAAAAAAAAAAAAAASGFAYPGTSER	4	AAAAAAAAAAAAAAASGFAYPGTSER	P35453	0	0	y	1	4	noloss	False
/home/andrew/hc-storage/diabetes_study/speclib/phl004_canonical_sall_pv.csv	560.02911	498.26706	151.10001	0	AAAAAAAAAAAAAAASGFAYPGTSER4_98_1_0_7	0.4210082	AAAAAAAAAAAAAAASGFAYPGTSER4	0	AAAAAAAAAAAAAAASGFAYPGTSER	1	0	0	0	P35453	HXD13_HUMAN	HOXD13	AAAAAAAAAAAAAAASGFAYPGTSER	AAAAAAAAAAAAAAASGFAYPGTSER	4	AAAAAAAAAAAAAAASGFAYPGTSER	P35453	0	0	b	1	7	noloss	False
/home/andrew/hc-storage/diabetes_study/speclib/phl004_canonical_sall_pv.csv	560.02911	809.37878	151.10001	0	AAAAAAAAAAAAAAASGFAYPGTSER4_121_1_0_19	0.4210082	AAAAAAAAAAAAAAASGFAYPGTSER4	0	AAAAAAAAAAAAAAASGFAYPGTSER	1	0	0	0	P35453	HXD13_HUMAN	HOXD13	AAAAAAAAAAAAAAASGFAYPGTSER	AAAAAAAAAAAAAAASGFAYPGTSER	4	AAAAAAAAAAAAAAASGFAYPGTSER	P35453	0	0	y	1	7	noloss	False
/home/andrew/hc-storage/diabetes_study/speclib/phl004_canonical_sall_pv.csv	560.02911	569.3042	151.10001	0	AAAAAAAAAAAAAAASGFAYPGTSER4_98_1_0_8	0.36934987	AAAAAAAAAAAAAAASGFAYPGTSER4	0	AAAAAAAAAAAAAAASGFAYPGTSER	1	0	0	0	P35453	HXD13_HUMAN	HOXD13	AAAAAAAAAAAAAAASGFAYPGTSER	AAAAAAAAAAAAAAASGFAYPGTSER	4	AAAAAAAAAAAAAAASGFAYPGTSER	P35453	0	0	b	1	8	noloss	False
/home/andrew/hc-storage/diabetes_study/speclib/phl004_canonical_sall_pv.csv	560.02911	711.37842	151.10001	0	AAAAAAAAAAAAAAASGFAYPGTSER4_98_1_0_10	0.344071	AAAAAAAAAAAAAAASGFAYPGTSER4	0	AAAAAAAAAAAAAAASGFAYPGTSER	1	0	0	0	P35453	HXD13_HUMAN	HOXD13	AAAAAAAAAAAAAAASGFAYPGTSER	AAAAAAAAAAAAAAASGFAYPGTSER	4	AAAAAAAAAAAAAAASGFAYPGTSER	P35453	0	0	b	1	10	noloss	False
/home/andrew/hc-storage/diabetes_study/speclib/phl004_canonical_sall_pv.csv	560.02911	514.24579	151.10001	0	AAAAAAAAAAAAAAASGFAYPGTSER4_121_2_0_17	0.33137658	AAAAAAAAAAAAAAASGFAYPGTSER4	0	AAAAAAAAAAAAAAASGFAYPGTSER	1	0	0	0	P35453	HXD13_HUMAN	HOXD13	AAAAAAAAAAAAAAASGFAYPGTSER	AAAAAAAAAAAAAAASGFAYPGTSER	4	AAAAAAAAAAAAAAASGFAYPGTSER	P35453	0	0	y	2	9	noloss	False
/home/andrew/hc-storage/diabetes_study/speclib/phl004_canonical_sall_pv.csv	560.02911	427.22995	151.10001	0	AAAAAAAAAAAAAAASGFAYPGTSER4_98_1_0_6	0.33042264	AAAAAAAAAAAAAAASGFAYPGTSER4	0	AAAAAAAAAAAAAAASGFAYPGTSER	1	0	0	0	P35453	HXD13_HUMAN	HOXD13	AAAAAAAAAAAAAAASGFAYPGTSER	AAAAAAAAAAAAAAASGFAYPGTSER	4	AAAAAAAAAAAAAAASGFAYPGTSER	P35453	0	0	b	1	6	noloss	False
/home/andrew/hc-storage/diabetes_study/speclib/phl004_canonical_sall_pv.csv	560.02911	640.34131	151.10001	0	AAAAAAAAAAAAAAASGFAYPGTSER4_98_1_0_9	0.31578368	AAAAAAAAAAAAAAASGFAYPGTSER4	0	AAAAAAAAAAAAAAASGFAYPGTSER	1	0	0	0	P35453	HXD13_HUMAN	HOXD13	AAAAAAAAAAAAAAASGFAYPGTSER	AAAAAAAAAAAAAAASGFAYPGTSER	4	AAAAAAAAAAAAAAASGFAYPGTSER	P35453	0	0	b	1	9	noloss	False
/home/andrew/hc-storage/diabetes_study/speclib/phl004_canonical_sall_pv.csv	560.02911	586.27252	151.10001	0	AAAAAAAAAAAAAAASGFAYPGTSER4_121_2_0_15	0.27729672	AAAAAAAAAAAAAAASGFAYPGTSER4	0	AAAAAAAAAAAAAAASGFAYPGTSER	1	0	0	0	P35453	HXD13_HUMAN	HOXD13	AAAAAAAAAAAAAAASGFAYPGTSER	AAAAAAAAAAAAAAASGFAYPGTSER	4	AAAAAAAAAAAAAAASGFAYPGTSER	P35453	0	0	y	2	11	noloss	False
/home/andrew/hc-storage/diabetes_study/speclib/phl004_canonical_sall_pv.csv	429.24561	573.33551	88.5	0	AAAAAAAAAAK2_121_1_0_4	1	AAAAAAAAAAK2	0	AAAAAAAAAAK	1	0	0	0	P50914,P50458,A6NHT5,P15502,DECOY_Q9Y651,DECOY_O60341			AAAAAAAAAAK	AAAAAAAAAAK	2	AAAAAAAAAAK	P50914,P50458,A6NHT5,P15502,DECOY_Q9Y651,DECOY_O60341	0	0	y	1	7	noloss	False
/home/andrew/hc-storage/diabetes_study/speclib/phl004_canonical_sall_pv.csv	429.24561	502.29837	88.5	0	AAAAAAAAAAK2_121_1_0_5	0.84049195	AAAAAAAAAAK2	0	AAAAAAAAAAK	1	0	0	0	P50914,P50458,A6NHT5,P15502,DECOY_Q9Y651,DECOY_O60341			AAAAAAAAAAK	AAAAAAAAAAK	2	AAAAAAAAAAK	P50914,P50458,A6NHT5,P15502,DECOY_Q9Y651,DECOY_O60341	0	0	y	1	6	noloss	False
/home/andrew/hc-storage/diabetes_study/speclib/phl004_canonical_sall_pv.csv	429.24561	644.37262	88.5	0	AAAAAAAAAAK2_121_1_0_3	0.62802154	AAAAAAAAAAK2	0	AAAAAAAAAAK	1	0	0	0	P50914,P50458,A6NHT5,P15502,DECOY_Q9Y651,DECOY_O60341			AAAAAAAAAAK	AAAAAAAAAAK	2	AAAAAAAAAAK	P50914,P50458,A6NHT5,P15502,DECOY_Q9Y651,DECOY_O60341	0	0	y	1	8	noloss	False
/home/andrew/hc-storage/diabetes_study/speclib/phl004_canonical_sall_pv.csv	429.24561	715.40973	88.5	0	AAAAAAAAAAK2_121_1_0_2	0.53955686	AAAAAAAAAAK2	0	AAAAAAAAAAK	1	0	0	0	P50914,P50458,A6NHT5,P15502,DECOY_Q9Y651,DECOY_O60341			AAAAAAAAAAK	AAAAAAAAAAK	2	AAAAAAAAAAK	P50914,P50458,A6NHT5,P15502,DECOY_Q9Y651,DECOY_O60341	0	0	y	1	9	noloss	False
/home/andrew/hc-storage/diabetes_study/speclib/phl004_canonical_sall_pv.csv	429.24561	356.19284	88.5	0	AAAAAAAAAAK2_98_1_0_5	0.52399796	AAAAAAAAAAK2	0	AAAAAAAAAAK	1	0	0	0	P50914,P50458,A6NHT5,P15502,DECOY_Q9Y651,DECOY_O60341			AAAAAAAAAAK	AAAAAAAAAAK	2	AAAAAAAAAAK	P50914,P50458,A6NHT5,P15502,DECOY_Q9Y651,DECOY_O60341	0	0	b	1	5	noloss	False
/home/andrew/hc-storage/diabetes_study/speclib/phl004_canonical_sall_pv.csv	429.24561	431.26126	88.5	0	AAAAAAAAAAK2_121_1_0_6	0.46901798	AAAAAAAAAAK2	0	AAAAAAAAAAK	1	0	0	0	P50914,P50458,A6NHT5,P15502,DECOY_Q9Y651,DECOY_O60341			AAAAAAAAAAK	AAAAAAAAAAK	2	AAAAAAAAAAK	P50914,P50458,A6NHT5,P15502,DECOY_Q9Y651,DECOY_O60341	0	0	y	1	5	noloss	False
/home/andrew/hc-storage/diabetes_study/speclib/phl004_canonical_sall_pv.csv	429.24561	427.22995	88.5	0	AAAAAAAAAAK2_98_1_0_6	0.32801768	AAAAAAAAAAK2	0	AAAAAAAAAAK	1	0	0	0	P50914,P50458,A6NHT5,P15502,DECOY_Q9Y651,DECOY_O60341			AAAAAAAAAAK	AAAAAAAAAAK	2	AAAAAAAAAAK	P50914,P50458,A6NHT5,P15502,DECOY_Q9Y651,DECOY_O60341	0	0	b	1	6	noloss	False
/home/andrew/hc-storage/diabetes_study/speclib/phl004_canonical_sall_pv.csv	429.24561	360.22415	88.5	0	AAAAAAAAAAK2_121_1_0_7	0.30400032	AAAAAAAAAAK2	0	AAAAAAAAAAK	1	0	0	0	P50914,P50458,A6NHT5,P15502,DECOY_Q9Y651,DECOY_O60341			AAAAAAAAAAK	AAAAAAAAAAK	2	AAAAAAAAAAK	P50914,P50458,A6NHT5,P15502,DECOY_Q9Y651,DECOY_O60341	0	0	y	1	4	noloss	False
/home/andrew/hc-storage/diabetes_study/speclib/phl004_canonical_sall_pv.csv	429.24561	498.26706	88.5	0	AAAAAAAAAAK2_98_1_0_7	0.22399409	AAAAAAAAAAK2	0	AAAAAAAAAAK	1	0	0	0	P50914,P50458,A6NHT5,P15502,DECOY_Q9Y651,DECOY_O60341			AAAAAAAAAAK	AAAAAAAAAAK	2	AAAAAAAAAAK	P50914,P50458,A6NHT5,P15502,DECOY_Q9Y651,DECOY_O60341	0	0	b	1	7	noloss	False
/home/andrew/hc-storage/diabetes_study/speclib/phl004_canonical_sall_pv.csv	429.24561	786.44684	88.5	0	AAAAAAAAAAK2_121_1_0_1	0.19198385	AAAAAAAAAAK2	0	AAAAAAAAAAK	1	0	0	0	P50914,P50458,A6NHT5,P15502,DECOY_Q9Y651,DECOY_O60341			AAAAAAAAAAK	AAAAAAAAAAK	2	AAAAAAAAAAK	P50914,P50458,A6NHT5,P15502,DECOY_Q9Y651,DECOY_O60341	0	0	y	1	10	noloss	False
/home/andrew/hc-storage/diabetes_study/speclib/phl004_canonical_sall_pv.csv	443.24869	601.34161	38.400002	0	AAAAAAAAAAR2_121_1_0_4	1	AAAAAAAAAAR2	0	AAAAAAAAAAR	1	0	0	0	P47928,Q9Y651,DECOY_Q76L83,DECOY_Q8WXD9,DECOY_Q5VZB9,DECOY_P35453,DECOY_O14654,DECOY_P55011,DECOY_P0CG40			AAAAAAAAAAR	AAAAAAAAAAR	2	AAAAAAAAAAR	P47928,Q9Y651,DECOY_Q76L83,DECOY_Q8WXD9,DECOY_Q5VZB9,DECOY_P35453,DECOY_O14654,DECOY_P55011,DECOY_P0CG40	0	0	y	1	7	noloss	False
/home/andrew/hc-storage/diabetes_study/speclib/phl004_canonical_sall_pv.csv	443.24869	530.3045	38.400002	0	AAAAAAAAAAR2_121_1_0_5	0.90602791	AAAAAAAAAAR2	0	AAAAAAAAAAR	1	0	0	0	P47928,Q9Y651,DECOY_Q76L83,DECOY_Q8WXD9,DECOY_Q5VZB9,DECOY_P35453,DECOY_O14654,DECOY_P55011,DECOY_P0CG40			AAAAAAAAAAR	AAAAAAAAAAR	2	AAAAAAAAAAR	P47928,Q9Y651,DECOY_Q76L83,DECOY_Q8WXD9,DECOY_Q5VZB9,DECOY_P35453,DECOY_O14654,DECOY_P55011,DECOY_P0CG40	0	0	y	1	6	noloss	False
/home/andrew/hc-storage/diabetes_study/speclib/phl004_canonical_sall_pv.csv	443.24869	672.37872	38.400002	0	AAAAAAAAAAR2_121_1_0_3	0.83756346	AAAAAAAAAAR2	0	AAAAAAAAAAR	1	0	0	0	P47928,Q9Y651,DECOY_Q76L83,DECOY_Q8WXD9,DECOY_Q5VZB9,DECOY_P35453,DECOY_O14654,DECOY_P55011,DECOY_P0CG40			AAAAAAAAAAR	AAAAAAAAAAR	2	AAAAAAAAAAR	P47928,Q9Y651,DECOY_Q76L83,DECOY_Q8WXD9,DECOY_Q5VZB9,DECOY_P35453,DECOY_O14654,DECOY_P55011,DECOY_P0CG40	0	0	y	1	8	noloss	False
/home/andrew/hc-storage/diabetes_study/speclib/phl004_canonical_sall_pv.csv	443.24869	356.19284	38.400002	0	AAAAAAAAAAR2_98_1_0_5	0.69194162	AAAAAAAAAAR2	0	AAAAAAAAAAR	1	0	0	0	P47928,Q9Y651,DECOY_Q76L83,DECOY_Q8WXD9,DECOY_Q5VZB9,DECOY_P35453,DECOY_O14654,DECOY_P55011,DECOY_P0CG40			AAAAAAAAAAR	AAAAAAAAAAR	2	AAAAAAAAAAR	P47928,Q9Y651,DECOY_Q76L83,DECOY_Q8WXD9,DECOY_Q5VZB9,DECOY_P35453,DECOY_O14654,DECOY_P55011,DECOY_P0CG40	0	0	b	1	5	noloss	False
/home/andrew/hc-storage/diabetes_study/speclib/phl004_canonical_sall_pv.csv	443.24869	388.23029	38.400002	0	AAAAAAAAAAR2_121_1_0_7	0.52842641	AAAAAAAAAAR2	0	AAAAAAAAAAR	1	0	0	0	P47928,Q9Y651,DECOY_Q76L83,DECOY_Q8WXD9,DECOY_Q5VZB9,DECOY_P35453,DECOY_O14654,DECOY_P55011,DECOY_P0CG40			AAAAAAAAAAR	AAAAAAAAAAR	2	AAAAAAAAAAR	P47928,Q9Y651,DECOY_Q76L83,DECOY_Q8WXD9,DECOY_Q5VZB9,DECOY_P35453,DECOY_O14654,DECOY_P55011,DECOY_P0CG40	0	0	y	1	4	noloss	False
/home/andrew/hc-storage/diabetes_study/speclib/phl004_canonical_sall_pv.csv	443.24869	459.2674	38.400002	0	AAAAAAAAAAR2_121_1_0_6	0.47519037	AAAAAAAAAAR2	0	AAAAAAAAAAR	1	0	0	0	P47928,Q9Y651,DECOY_Q76L83,DECOY_Q8WXD9,DECOY_Q5VZB9,DECOY_P35453,DECOY_O14654,DECOY_P55011,DECOY_P0CG40			AAAAAAAAAAR	AAAAAAAAAAR	2	AAAAAAAAAAR	P47928,Q9Y651,DECOY_Q76L83,DECOY_Q8WXD9,DECOY_Q5VZB9,DECOY_P35453,DECOY_O14654,DECOY_P55011,DECOY_P0CG40	0	0	y	1	5	noloss	False
/home/andrew/hc-storage/diabetes_study/speclib/phl004_canonical_sall_pv.csv	443.24869	743.41583	38.400002	0	AAAAAAAAAAR2_121_1_0_2	0.39619291	AAAAAAAAAAR2	0	AAAAAAAAAAR	1	0	0	0	P47928,Q9Y651,DECOY_Q76L83,DECOY_Q8WXD9,DECOY_Q5VZB9,DECOY_P35453,DECOY_O14654,DECOY_P55011,DECOY_P0CG40			AAAAAAAAAAR	AAAAAAAAAAR	2	AAAAAAAAAAR	P47928,Q9Y651,DECOY_Q76L83,DECOY_Q8WXD9,DECOY_Q5VZB9,DECOY_P35453,DECOY_O14654,DECOY_P55011,DECOY_P0CG40	0	0	y	1	9	noloss	False
/home/andrew/hc-storage/diabetes_study/speclib/phl004_canonical_sall_pv.csv	443.24869	427.22995	38.400002	0	AAAAAAAAAAR2_98_1_0_6	0.36180204	AAAAAAAAAAR2	0	AAAAAAAAAAR	1	0	0	0	P47928,Q9Y651,DECOY_Q76L83,DECOY_Q8WXD9,DECOY_Q5VZB9,DECOY_P35453,DECOY_O14654,DECOY_P55011,DECOY_P0CG40			AAAAAAAAAAR	AAAAAAAAAAR	2	AAAAAAAAAAR	P47928,Q9Y651,DECOY_Q76L83,DECOY_Q8WXD9,DECOY_Q5VZB9,DECOY_P35453,DECOY_O14654,DECOY_P55011,DECOY_P0CG40	0	0	b	1	6	noloss	False
/home/andrew/hc-storage/diabetes_study/speclib/phl004_canonical_sall_pv.csv	443.24869	569.3042	38.400002	0	AAAAAAAAAAR2_98_1_0_8	0.20031726	AAAAAAAAAAR2	0	AAAAAAAAAAR	1	0	0	0	P47928,Q9Y651,DECOY_Q76L83,DECOY_Q8WXD9,DECOY_Q5VZB9,DECOY_P35453,DECOY_O14654,DECOY_P55011,DECOY_P0CG40			AAAAAAAAAAR	AAAAAAAAAAR	2	AAAAAAAAAAR	P47928,Q9Y651,DECOY_Q76L83,DECOY_Q8WXD9,DECOY_Q5VZB9,DECOY_P35453,DECOY_O14654,DECOY_P55011,DECOY_P0CG40	0	0	b	1	8	noloss	False
/home/andrew/hc-storage/diabetes_study/speclib/phl004_canonical_sall_pv.csv	950.04419	789.49811	132.2	0	AAAAAAAAAASGAAIPPLIPPR2_121_1_0_15	1	AAAAAAAAAASGAAIPPLIPPR2	0	AAAAAAAAAASGAAIPPLIPPR	1	0	0	0	O14654	IRS4_HUMAN	IRS4	AAAAAAAAAASGAAIPPLIPPR	AAAAAAAAAASGAAIPPLIPPR	2	AAAAAAAAAASGAAIPPLIPPR	O14654	0	0	y	1	7	noloss	False
/home/andrew/hc-storage/diabetes_study/speclib/phl004_canonical_sall_pv.csv	950.04419	369.22449	132.2	0	AAAAAAAAAASGAAIPPLIPPR2_121_1_0_19	0.58921003	AAAAAAAAAASGAAIPPLIPPR2	0	AAAAAAAAAASGAAIPPLIPPR	1	0	0	0	O14654	IRS4_HUMAN	IRS4	AAAAAAAAAASGAAIPPLIPPR	AAAAAAAAAASGAAIPPLIPPR	2	AAAAAAAAAASGAAIPPLIPPR	O14654	0	0	y	1	3	noloss	False
/home/andrew/hc-storage/diabetes_study/speclib/phl004_canonical_sall_pv.csv	950.04419	427.22995	132.2	0	AAAAAAAAAASGAAIPPLIPPR2_98_1_0_6	0.31046999	AAAAAAAAAASGAAIPPLIPPR2	0	AAAAAAAAAASGAAIPPLIPPR	1	0	0	0	O14654	IRS4_HUMAN	IRS4	AAAAAAAAAASGAAIPPLIPPR	AAAAAAAAAASGAAIPPLIPPR	2	AAAAAAAAAASGAAIPPLIPPR	O14654	0	0	b	1	6	noloss	False
/home/andrew/hc-storage/diabetes_study/speclib/phl004_canonical_sall_pv.csv	950.04419	498.26706	132.2	0	AAAAAAAAAASGAAIPPLIPPR2_98_1_0_7	0.30821002	AAAAAAAAAASGAAIPPLIPPR2	0	AAAAAAAAAASGAAIPPLIPPR	1	0	0	0	O14654	IRS4_HUMAN	IRS4	AAAAAAAAAASGAAIPPLIPPR	AAAAAAAAAASGAAIPPLIPPR	2	AAAAAAAAAASGAAIPPLIPPR	O14654	0	0	b	1	7	noloss	False
/home/andrew/hc-storage/diabetes_study/speclib/phl004_canonical_sall_pv.csv	950.04419	569.3042	132.2	0	AAAAAAAAAASGAAIPPLIPPR2_98_1_0_8	0.26800001	AAAAAAAAAASGAAIPPLIPPR2	0	AAAAAAAAAASGAAIPPLIPPR	1	0	0	0	O14654	IRS4_HUMAN	IRS4	AAAAAAAAAASGAAIPPLIPPR	AAAAAAAAAASGAAIPPLIPPR	2	AAAAAAAAAASGAAIPPLIPPR	O14654	0	0	b	1	8	noloss	False
/home/andrew/hc-storage/diabetes_study/speclib/phl004_canonical_sall_pv.csv	950.04419	356.19284	132.2	0	AAAAAAAAAASGAAIPPLIPPR2_98_1_0_5	0.25783998	AAAAAAAAAASGAAIPPLIPPR2	0	AAAAAAAAAASGAAIPPLIPPR	1	0	0	0	O14654	IRS4_HUMAN	IRS4	AAAAAAAAAASGAAIPPLIPPR	AAAAAAAAAASGAAIPPLIPPR	2	AAAAAAAAAASGAAIPPLIPPR	O14654	0	0	b	1	5	noloss	False
/home/andrew/hc-storage/diabetes_study/speclib/phl004_canonical_sall_pv.csv	950.04419	640.34131	132.2	0	AAAAAAAAAASGAAIPPLIPPR2_98_1_0_9	0.20063001	AAAAAAAAAASGAAIPPLIPPR2	0	AAAAAAAAAASGAAIPPLIPPR	1	0	0	0	O14654	IRS4_HUMAN	IRS4	AAAAAAAAAASGAAIPPLIPPR	AAAAAAAAAASGAAIPPLIPPR	2	AAAAAAAAAASGAAIPPLIPPR	O14654	0	0	b	1	9	noloss	False
/home/andrew/hc-storage/diabetes_study/speclib/phl004_canonical_sall_pv.csv	950.04419	1101.6779	132.2	0	AAAAAAAAAASGAAIPPLIPPR2_121_1_0_11	0.15594999	AAAAAAAAAASGAAIPPLIPPR2	0	AAAAAAAAAASGAAIPPLIPPR	1	0	0	0	O14654	IRS4_HUMAN	IRS4	AAAAAAAAAASGAAIPPLIPPR	AAAAAAAAAASGAAIPPLIPPR	2	AAAAAAAAAASGAAIPPLIPPR	O14654	0	0	y	1	11	noloss	False
/home/andrew/hc-storage/diabetes_study/speclib/phl004_canonical_sall_pv.csv	950.04419	1188.71	132.2	0	AAAAAAAAAASGAAIPPLIPPR2_121_1_0_10	0.15020999	AAAAAAAAAASGAAIPPLIPPR2	0	AAAAAAAAAASGAAIPPLIPPR	1	0	0	0	O14654	IRS4_HUMAN	IRS4	AAAAAAAAAASGAAIPPLIPPR	AAAAAAAAAASGAAIPPLIPPR	2	AAAAAAAAAASGAAIPPLIPPR	O14654	0	0	y	1	12	noloss	False
/home/andrew/hc-storage/diabetes_study/speclib/phl004_canonical_sall_pv.csv	950.04419	902.58221	132.2	0	AAAAAAAAAASGAAIPPLIPPR2_121_1_0_14	0.13153	AAAAAAAAAASGAAIPPLIPPR2	0	AAAAAAAAAASGAAIPPLIPPR	1	0	0	0	O14654	IRS4_HUMAN	IRS4	AAAAAAAAAASGAAIPPLIPPR	AAAAAAAAAASGAAIPPLIPPR	2	AAAAAAAAAASGAAIPPLIPPR	O14654	0	0	y	1	8	noloss	False
/home/andrew/hc-storage/diabetes_study/speclib/phl004_canonical_sall_pv.csv	950.04419	1259.7471	132.2	0	AAAAAAAAAASGAAIPPLIPPR2_121_1_0_9	0.1284	AAAAAAAAAASGAAIPPLIPPR2	0	AAAAAAAAAASGAAIPPLIPPR	1	0	0	0	O14654	IRS4_HUMAN	IRS4	AAAAAAAAAASGAAIPPLIPPR	AAAAAAAAAASGAAIPPLIPPR	2	AAAAAAAAAASGAAIPPLIPPR	O14654	0	0	y	1	13	noloss	False
/home/andrew/hc-storage/diabetes_study/speclib/phl004_canonical_sall_pv.csv	950.04419	973.61932	132.2	0	AAAAAAAAAASGAAIPPLIPPR2_121_1_0_13	0.11756	AAAAAAAAAASGAAIPPLIPPR2	0	AAAAAAAAAASGAAIPPLIPPR	1	0	0	0	O14654	IRS4_HUMAN	IRS4	AAAAAAAAAASGAAIPPLIPPR	AAAAAAAAAASGAAIPPLIPPR	2	AAAAAAAAAASGAAIPPLIPPR	O14654	0	0	y	1	9	noloss	False
/home/andrew/hc-storage/diabetes_study/speclib/phl004_canonical_sall_pv.csv	950.04419	997.50616	132.2	0	AAAAAAAAAASGAAIPPLIPPR2_98_1_0_14	0.11383001	AAAAAAAAAASGAAIPPLIPPR2	0	AAAAAAAAAASGAAIPPLIPPR	1	0	0	0	O14654	IRS4_HUMAN	IRS4	AAAAAAAAAASGAAIPPLIPPR	AAAAAAAAAASGAAIPPLIPPR	2	AAAAAAAAAASGAAIPPLIPPR	O14654	0	0	b	1	14	noloss	False
/home/andrew/hc-storage/diabetes_study/speclib/phl004_canonical_sall_pv.csv	950.04419	711.37842	132.2	0	AAAAAAAAAASGAAIPPLIPPR2_98_1_0_10	0.10726	AAAAAAAAAASGAAIPPLIPPR2	0	AAAAAAAAAASGAAIPPLIPPR	1	0	0	0	O14654	IRS4_HUMAN	IRS4	AAAAAAAAAASGAAIPPLIPPR	AAAAAAAAAASGAAIPPLIPPR	2	AAAAAAAAAASGAAIPPLIPPR	O14654	0	0	b	1	10	noloss	False
/home/andrew/hc-storage/diabetes_study/speclib/phl004_canonical_sall_pv.csv	950.04419	1330.7842	132.2	0	AAAAAAAAAASGAAIPPLIPPR2_121_1_0_8	0.10523	AAAAAAAAAASGAAIPPLIPPR2	0	AAAAAAAAAASGAAIPPLIPPR	1	0	0	0	O14654	IRS4_HUMAN	IRS4	AAAAAAAAAASGAAIPPLIPPR	AAAAAAAAAASGAAIPPLIPPR	2	AAAAAAAAAASGAAIPPLIPPR	O14654	0	0	y	1	14	noloss	False
/home/andrew/hc-storage/diabetes_study/speclib/phl004_canonical_sall_pv.csv	950.04419	1110.5902	132.2	0	AAAAAAAAAASGAAIPPLIPPR2_98_1_0_15	0.10514	AAAAAAAAAASGAAIPPLIPPR2	0	AAAAAAAAAASGAAIPPLIPPR	1	0	0	0	O14654	IRS4_HUMAN	IRS4	AAAAAAAAAASGAAIPPLIPPR	AAAAAAAAAASGAAIPPLIPPR	2	AAAAAAAAAASGAAIPPLIPPR	O14654	0	0	b	1	15	noloss	False
/home/andrew/hc-storage/diabetes_study/speclib/phl004_canonical_sall_pv.csv	950.04419	926.46899	132.2	0	AAAAAAAAAASGAAIPPLIPPR2_98_1_0_13	0.10461	AAAAAAAAAASGAAIPPLIPPR2	0	AAAAAAAAAASGAAIPPLIPPR	1	0	0	0	O14654	IRS4_HUMAN	IRS4	AAAAAAAAAASGAAIPPLIPPR	AAAAAAAAAASGAAIPPLIPPR	2	AAAAAAAAAASGAAIPPLIPPR	O14654	0	0	b	1	13	noloss	False
/home/andrew/hc-storage/diabetes_study/speclib/phl004_canonical_sall_pv.csv	950.04419	1401.8213	132.2	0	AAAAAAAAAASGAAIPPLIPPR2_121_1_0_7	0.080120005	AAAAAAAAAASGAAIPPLIPPR2	0	AAAAAAAAAASGAAIPPLIPPR	1	0	0	0	O14654	IRS4_HUMAN	IRS4	AAAAAAAAAASGAAIPPLIPPR	AAAAAAAAAASGAAIPPLIPPR	2	AAAAAAAAAASGAAIPPLIPPR	O14654	0	0	y	1	15	noloss	False
/home/andrew/hc-storage/diabetes_study/speclib/phl004_canonical_sall_pv.csv	950.04419	855.43188	132.2	0	AAAAAAAAAASGAAIPPLIPPR2_98_1_0_12	0.074140005	AAAAAAAAAASGAAIPPLIPPR2	0	AAAAAAAAAASGAAIPPLIPPR	1	0	0	0	O14654	IRS4_HUMAN	IRS4	AAAAAAAAAASGAAIPPLIPPR	AAAAAAAAAASGAAIPPLIPPR	2	AAAAAAAAAASGAAIPPLIPPR	O14654	0	0	b	1	12	noloss	False
/home/andrew/hc-storage/diabetes_study/speclib/phl004_canonical_sall_pv.csv	950.04419	1044.6564	132.2	0	AAAAAAAAAASGAAIPPLIPPR2_121_1_0_12	0.072379999	AAAAAAAAAASGAAIPPLIPPR2	0	AAAAAAAAAASGAAIPPLIPPR	1	0	0	0	O14654	IRS4_HUMAN	IRS4	AAAAAAAAAASGAAIPPLIPPR	AAAAAAAAAASGAAIPPLIPPR	2	AAAAAAAAAASGAAIPPLIPPR	O14654	0	0	y	1	10	noloss	False
/home/andrew/hc-storage/diabetes_study/speclib/phl004_canonical_sall_pv.csv	950.04419	482.30853	132.2	0	AAAAAAAAAASGAAIPPLIPPR2_121_1_0_18	0.067829996	AAAAAAAAAASGAAIPPLIPPR2	0	AAAAAAAAAASGAAIPPLIPPR	1	0	0	0	O14654	IRS4_HUMAN	IRS4	AAAAAAAAAASGAAIPPLIPPR	AAAAAAAAAASGAAIPPLIPPR	2	AAAAAAAAAASGAAIPPLIPPR	O14654	0	0	y	1	4	noloss	False
/home/andrew/hc-storage/diabetes_study/speclib/phl004_canonical_sall_pv.csv	950.04419	798.41046	132.2	0	AAAAAAAAAASGAAIPPLIPPR2_98_1_0_11	0.05923	AAAAAAAAAASGAAIPPLIPPR2	0	AAAAAAAAAASGAAIPPLIPPR	1	0	0	0	O14654	IRS4_HUMAN	IRS4	AAAAAAAAAASGAAIPPLIPPR	AAAAAAAAAASGAAIPPLIPPR	2	AAAAAAAAAASGAAIPPLIPPR	O14654	0	0	b	1	11	noloss	False
/home/andrew/hc-storage/diabetes_study/speclib/phl004_canonical_sall_pv.csv	950.04419	1472.8584	132.2	0	AAAAAAAAAASGAAIPPLIPPR2_121_1_0_6	0.055300001	AAAAAAAAAASGAAIPPLIPPR2	0	AAAAAAAAAASGAAIPPLIPPR	1	0	0	0	O14654	IRS4_HUMAN	IRS4	AAAAAAAAAASGAAIPPLIPPR	AAAAAAAAAASGAAIPPLIPPR	2	AAAAAAAAAASGAAIPPLIPPR	O14654	0	0	y	1	16	noloss	False
/home/andrew/hc-storage/diabetes_study/speclib/phl004_canonical_sall_pv.csv	950.04419	692.44537	132.2	0	AAAAAAAAAASGAAIPPLIPPR2_121_1_0_16	0.044360001	AAAAAAAAAASGAAIPPLIPPR2	0	AAAAAAAAAASGAAIPPLIPPR	1	0	0	0	O14654	IRS4_HUMAN	IRS4	AAAAAAAAAASGAAIPPLIPPR	AAAAAAAAAASGAAIPPLIPPR	2	AAAAAAAAAASGAAIPPLIPPR	O14654	0	0	y	1	6	noloss	False
/home/andrew/hc-storage/diabetes_study/speclib/phl004_canonical_sall_pv.csv	950.04419	1543.8955	132.2	0	AAAAAAAAAASGAAIPPLIPPR2_121_1_0_5	0.036620002	AAAAAAAAAASGAAIPPLIPPR2	0	AAAAAAAAAASGAAIPPLIPPR	1	0	0	0	O14654	IRS4_HUMAN	IRS4	AAAAAAAAAASGAAIPPLIPPR	AAAAAAAAAASGAAIPPLIPPR	2	AAAAAAAAAASGAAIPPLIPPR	O14654	0	0	y	1	17	noloss	False
